rank,uri,artist_names,track_name,source,peak_rank,previous_rank,weeks_on_chart,streams
1,"spotify:track:0yLdNVWF3Srea0uzk55zFn","Miley Cyrus","Flowers","Columbia",1,-1,1,"286342"
2,"spotify:track:3zhFqDzJZfnc8L5QkGWWG6","Benaia Barabi","קרן שמש","B.B Productions Ltd. under exclusive license to D-Music",1,1,27,"187884"
3,"spotify:track:4hTFq8sHEVSDXIxTVe4qHJ","Omer Adam","אני","P.A.I LTD",1,3,5,"167902"
4,"spotify:track:1bd0D0cXcpGeJXsn2Xt8lc","Odeya, רואי אדם","האמת","Helicon Aroma Music Ltd.",3,4,15,"160690"
5,"spotify:track:7BcRDWY4VTCvRRHoobFWWo","Tuna, Jasmin Moallem","סהרה - Live","NaNa Disc",1,2,31,"152799"
6,"spotify:track:4I9NVCnjIRVriXfNE7VhE0","Eden Hason","עושה לי צרות","Mobile1 Music",3,5,35,"151566"
7,"spotify:track:1Qrg8KqiBpW07V7PNxwwwL","SZA","Kill Bill","Top Dawg Entertainment/RCA Records",7,12,6,"147901"
8,"spotify:track:4RyMByXc5HfKc3b8wqwOso","Peer Tasi","אהבה חולה","Peer Tasi LTD under exclusive license to D-Music",8,19,7,"144868"
9,"spotify:track:0iTSkLz9biPGVXqTSrkkNd","Odeya, Noa Kirel","מאמי","Helicon Aroma Music Ltd./ Noa Kirel under exclusive license to NMC United Entertainment Ltd",5,8,5,"131316"
10,"spotify:track:2dHHgzDwk4BJdRwy9uXhTO","Metro Boomin, The Weeknd, 21 Savage","Creepin' (with The Weeknd & 21 Savage)","Republic Records",10,16,7,"129232"
11,"spotify:track:4uUG5RXrOk84mYEfFvj3cK","David Guetta, Bebe Rexha","I'm Good (Blue)","Parlophone UK",5,6,21,"129169"
12,"spotify:track:3idINUuyRidKbQiMFt6EkU","Gal Adam, NOROZ","משוגעת","P.A.I LTD / NOROZ under exclusive license to D-Music",4,7,13,"125200"
13,"spotify:track:6clAq1cGO4PYimAmzelTmL","Shira Margalit","אחותי כבר לא סובלת אותך","Anana Ltd",12,14,8,"125011"
14,"spotify:track:3nqQXoyQOWXiESFLlDF1hG","Sam Smith, Kim Petras","Unholy (feat. Kim Petras)","Capitol Records UK / EMI",4,9,17,"124463"
15,"spotify:track:1Rh5r9vUOumJ1sbPuv3dkO","Eden Hason","עד שתבואי עד אליי","Mobile1 Music",11,15,8,"122459"
16,"spotify:track:0urIdTVIjmPX5i9dsIusQj","Odeya","החיים שלי אחריך","Helicon Aroma Music Ltd.",4,11,8,"119842"
17,"spotify:track:5A3bEckI7AjWTguGqZOzUm","Noa Kirel","פנתרה","Noa Kirel under exclusive license to NMC United Entertainment Ltd.",1,13,23,"119230"
18,"spotify:track:307xzW2nYqkHpnQpt6JM1T","Noa Kirel","Gone","Atlantic Records",18,-1,1,"112042"
19,"spotify:track:2XNXcmwubbt8MJYlQRb4V2","Odeya","אינטלקטוערס","Helicon Aroma Music Ltd.",6,17,26,"111470"
20,"spotify:track:2QUuLcqNlQUFOuMm4osKdN","Peer Tasi","38","Peer Tasi LTD under exclusive license to D-Music",20,20,7,"109465"
21,"spotify:track:1D8HR389yohrWVZ1yHI2bc","Tuna","היי בייב","NaNa Disc",4,10,57,"108769"
22,"spotify:track:79frUUdqTcE1Qll6Twt8Ds","Ron Buhnik","לב יפה","Mobile1 Music",22,69,15,"103272"
23,"spotify:track:4Dvkj6JhhA12EX05fT7y2e","Harry Styles","As It Was","Columbia",1,18,42,"95035"
24,"spotify:track:6Eds9y8ZiQHcIegsEIVcYP","Avraham Tal, Eden Hason","את חסרה לי & אורות","Mobile1 Music",11,26,15,"93873"
25,"spotify:track:4W1G1xlxcirdtXosgsR0m0","Agam Buhbut","קופידון (Prod. By Triangle)","2022 Z.I. Productions BY PIL LTD",10,22,18,"90589"
26,"spotify:track:5WxVXxCMRnvxUKFq40ELwq","RAYE, 070 Shake","Escapism.","Human Re Sources",26,33,7,"89845"
27,"spotify:track:3xtK7rFrJvL5hrBu4vFgf7","Anna Zak, Eden Ben Zaken, Nunu","ראשון בבוקר","Sarit Productions LTD / Helicon Aroma Music LTD / Itmodels / Neomi Aharoni Gal under exclusive license to D-Music",18,27,6,"87916"
28,"spotify:track:7jtQIBanIiJOMS6RyCx6jZ","Tom Odell","Another Love","ITNO/Columbia",21,28,62,"87681"
29,"spotify:track:0SmY5bTuls1ccput6QhHSA","Adir Getz","אני אוהב, אני מכור, אני שרוף","Unicell",18,32,30,"84948"
30,"spotify:track:0QHEIqNKsMoOY5urbzN48u","Meghan Trainor","Made You Look","Epic",12,21,12,"83951"
31,"spotify:track:4h9wh7iOZ0GGn8QVp4RAOB","OneRepublic","I Ain't Worried","Interscope Records",14,29,30,"80069"
32,"spotify:track:3uidHx3If1PWAOCMcCdkNH","Tuna","סהרה","NaNa Disc",10,35,57,"79691"
33,"spotify:track:5odlY52u43F5BjByhxg7wg","JVKE","golden hour","JVKE",32,36,14,"79608"
34,"spotify:track:561jH07mF1jHuk7KlaeF0s","Eminem","Mockingbird","Aftermath",26,31,14,"79434"
35,"spotify:track:1P0xKMVqb9xFoyuwezNTpB","Eyal Golan","ואת אינך","Liam Productions under exclusive license to D-Music",23,23,3,"79424"
36,"spotify:track:3yyHRwblo5kk0fH9pfMP6M","Marina Maximilian, Guy Mentesh","ביחד","Marina Maximilian under exclusive license to D-Music",14,39,123,"78525"
37,"spotify:track:6tldCcfbfXkLApFllqab7S","Omer Adam, Idan Raichel","מדברים בשקט (מתוך חזרות למופע NEXT)","P.A.I LTD / Helicon Aroma Music LTD / Next",28,37,7,"77063"
38,"spotify:track:68kVzJf0STAv91tuLutuDr","Eden Hason","שקיעות אדומות","Mobile1 Music",2,34,117,"77056"
39,"spotify:track:5e4PVtYVBu9BpJVhmQhIvS","Hanan Ben Ari","שמש","Hanan Ben Ari / Mor Dahan under exclusive license to D-Music",26,48,176,"75384"
40,"spotify:track:3hpaRxH73ciJCuH6QcNWXO","Eden Hason","מטפסים על הקירות","Mobile1 Music",6,24,24,"75087"
41,"spotify:track:2G1o9Mq8KpamOwJPZLuJc7","Full Trunk, Jimbo J","סתלבט בקיבוץ","NaNa Disc",2,25,37,"75037"
42,"spotify:track:52n4gF126eIllrGuc9Zus6","Ishay Ribo","לשוב הביתה","2018 ISHAY RIBO LTD BY PIL LTD",10,72,254,"74963"
43,"spotify:track:6i2SQujw0VIv4LPkF5oFqB","Omer Adam","תמיד שלך","P.A.I LTD",18,76,30,"72723"
44,"spotify:track:3RBpmZJ0YG9abVBXI2U1UO","Eden Hason","את חסרה לי","Mobile1 Music",1,56,134,"72672"
45,"spotify:track:0JXXNGljqupsJaZsgSbMZV","Miguel","Sure Thing","Jive",45,64,3,"72053"
46,"spotify:track:1bDbXMyjaUIooNwFE9wn0N","Drake, 21 Savage","Rich Flex","OVO / Republic Records",11,40,11,"72046"
47,"spotify:track:1lHlKCdVZ4CGbbkTuG6LfT","Jasmin Moallem","יחפים","Helicon Music",15,45,59,"71993"
48,"spotify:track:6yxcOGpAvcmrQSuS5hB0Se","Avi Aburomi","מסיבה סגורה","2022 Avi Aburomi By PIL LTD",44,61,13,"70542"
49,"spotify:track:5XeFesFbtLpXzIVDNQP22n","Arctic Monkeys","I Wanna Be Yours","Domino Recording Co",43,43,28,"68459"
50,"spotify:track:0WtM2NBVQNNJLh6scP13H8","Rema, Selena Gomez","Calm Down (with Selena Gomez)","Mavin Records / Jonzing World",41,41,19,"66935"
51,"spotify:track:67PF7VLcYEKKF82ziNf9Ur","Shahar Saul, Agam Buhbut, NOROZ","דובשנייה","Mobile1 Music",2,38,52,"66931"
52,"spotify:track:6EVRPTFEzBFCGDy8w0Omow","מיה סולימן","עזבי","Mobile1 Music",52,137,2,"66028"
53,"spotify:track:4nrPB8O7Y7wsOCJdgXkthe","Bizarrap, Shakira","Shakira: Bzrp Music Sessions, Vol. 53","DALE PLAY Records",53,-1,1,"65747"
54,"spotify:track:5I0WaR0LpN4Kn1zwbvd145","E-Z, Noa Kirel","גושפנקא","Unicell",54,57,5,"65365"
55,"spotify:track:73vIOb4Q7YN6HeJTbscRx5","Oliver Tree, Robin Schulz","Miss You - Bonus Track","Atlantic Records",19,47,15,"63756"
56,"spotify:track:7Lxzhh39Bv4Odgpd0XLL2D","Shalom Hanoch","אהבת נעורי","NMC United Entertainment Ltd.",56,-1,2,"63165"
57,"spotify:track:6zJejIfVYLgjud3lTk4DLB","Rosa Linn","SNAP","Nvak Collective",20,50,26,"62717"
58,"spotify:track:2PpTUW96jjJYr8ib8RUnUu","Tuna","י'א 2","Anana Ltd.",38,44,124,"62690"
59,"spotify:track:4BK0g4lnXyeYYlYgosqYtQ","Daniela Spector","כל הדברים היפים באמת","Helicon Music",59,145,96,"62292"
60,"spotify:track:0V3wPSX9ygBnCm8psDIegu","Taylor Swift","Anti-Hero","Taylor Swift",8,49,13,"62074"
61,"spotify:track:6d8ZHsSyTg6ABLkWNCZdSy","Avi Aburomi","מה עובר לך בראש","2022 Avi Aburomi BY PIL LTD",18,42,22,"61465"
62,"spotify:track:3u2kyAe7mj38p6ETztE5mP","Avihai Hollender","לא נרגע","Mobile1 Music",62,-1,1,"60804"
63,"spotify:track:01H5jdEyPwM4rhc7gTWLgt","Eden Ben Zaken","כינורות","Sarit Productions LTD / Helicon Aroma Music Ltd. under exclusive license to D-Music",26,52,10,"60627"
64,"spotify:track:2QjOHCTQ1Jl3zawyYOpxh6","The Neighbourhood","Sweater Weather","Columbia",33,53,114,"60617"
65,"spotify:track:54ipXppHLA8U4yqpOFTUhr","Imagine Dragons","Bones","Kid Ina Korner / Interscope",47,65,29,"60118"
66,"spotify:track:79h6P8bV0ENtq6Vmhkpewr","Odeya","אם הייתי צריכה","A.M Music Productions LTD",7,46,60,"59791"
67,"spotify:track:05KQMm1vL6MnJkgobUtwft","Omer Adam","לבד על המיטה","P.A.I LTD",2,30,50,"59726"
68,"spotify:track:4k6Uh1HXdhtusDW5y8Gbvy","Steve Lacy","Bad Habit","L-M Records/RCA Records",27,60,27,"59515"
69,"spotify:track:6SuC1LItQ9V9SjET2EvvtD","Agam Buhbut, Shahar Saul","באתי להציל אותך","2021 ZI Productions BY PIL LTD",11,93,64,"58490"
70,"spotify:track:0PfvEnfj3hHl7zlc0WcfGY","Ravid Plotnik","‏שלווה בארמונותייך","NaNa Disc",25,87,39,"58413"
71,"spotify:track:1saT4tObMScARIwT4wTv0W","Ravid Plotnik","נתראה בגלגול הבא","NaNa Disc",27,67,158,"58186"
72,"spotify:track:2EpdcPssADDCCMeOQ9GVtv","Omer Adam, Amir Dadon","לבחור נכון & פוליטיקה וסקס","Helicon Aroma Music Ltd./ P.A.I Production Adam Investment Ltd.",18,62,16,"58162"
73,"spotify:track:4JmmjsGmOED0sn0Le3r84u","Tuna, Ravid Plotnik","עולם משוגע","Anana",33,85,244,"57567"
74,"spotify:track:0hOEW1DOcq5pQdoSguJklk","Peer Tasi","ערק","Peer Tasi LTD under exclusive license to D-Music",69,73,25,"56964"
75,"spotify:track:4b5dVRUzTCy0ngxobUX2DG","Peer Tasi","חורף בחלון","Peer Tasi LTD under exclusive license to D-Music",75,81,16,"56622"
76,"spotify:track:02MWAaffLxlfxAUY7c5dvx","Glass Animals","Heat Waves","Polydor Records",3,74,103,"55478"
77,"spotify:track:3Y4G4E7EVomTWTFSFS0Sn5","Hanan Ben Ari","אלוף העולם","Hanan Ben Ari / Mor Dahan under exclusive license to D-Music",2,78,204,"54719"
78,"spotify:track:2SxcL0eba2ILQpJPuBBHsG","Eden Hason","מה פספסתי","Mobile1 Music",2,68,58,"54306"
79,"spotify:track:60GvepzSwgGx8kaZNln4L0","Ravid Plotnik","כל הזמן הזה","NaNa Disc",59,59,253,"54078"
80,"spotify:track:11BKm0j4eYoCPPpCONAVwA","Lady Gaga","Bloody Mary","Interscope",55,75,7,"52079"
81,"spotify:track:7yq4Qj7cqayVTp3FF9CWbm","Vance Joy","Riptide","F-Stop Records/Atlantic",78,107,143,"52038"
82,"spotify:track:57BFhpG4Iq4Zgnoz2X6zbT","Osher Cohen, Nadav Navi Aharoni","חמישי שישי","Helicon Aroma Music Ltd./ P.A.I Production Adam Investment Ltd.",17,66,37,"51871"
83,"spotify:track:70Vsir4Wan3TrEzGCIZy0l","Eden Hason","ככה כל יום","Mobile1 Music",9,105,49,"51587"
84,"spotify:track:0UXXAYRUrknaz6FuaPKtFW","אליאב זוהר","מיכל","2022 Eliav Zoharo BY PIL LTD",7,70,25,"51136"
85,"spotify:track:0x9UM4GuxnMJUjyuipowmo","Akiva","אל תעזבי ידיים","2021 Akiva Turgeman+Or Davidson BY PIL LTD",23,112,152,"51033"
86,"spotify:track:5CCxCzPB3HMh595Y1MNIm5","Tuna","סחרחורת","Anana Ltd.",47,77,76,"50993"
87,"spotify:track:5tNrVA1ySsk7HkV5yg2iXN","Marina Maximilian, Itay Galo","עולה על שולחנות","Marina Maximilian / Itay Galo under exclusive license to D-Music",17,54,27,"50936"
88,"spotify:track:71h6sV5KytTmPARarI28wI","Raviv Kaner","רסיסים","Helicon Aroma Music Ltd.",1,90,130,"50408"
89,"spotify:track:0u2P5u6lvoDfwTYjAADbn4","Billie Eilish, Khalid","lovely (with Khalid)","Darkroom",54,129,162,"50315"
90,"spotify:track:7rNA5Jwu23g7PaXcMwfLdq","Eden Hason","מדליקה לי הכל","Mobile1 Music",7,58,64,"49701"
91,"spotify:track:5BK8QQs9NhYRFGQHx8GMAG","Alon Eder","שיר לאמא","Helicon Music",91,-1,2,"48857"
92,"spotify:track:5qaEfEh1AtSdrdrByCP7qR","Imagine Dragons","Demons","Kid Ina Korner / Interscope",92,106,15,"48815"
93,"spotify:track:51im9O6XveBymzBDsXK8lU","Benaia Barabi","כשבא הגעגוע","B.B Productions Ltd. under exclusive license to D-Music",69,102,10,"48769"
94,"spotify:track:6GMedZwOyjw0OQM25vWixh","Hanan Ben Ari","אלא בי","Hanan Ben Ari / Mor Dahan under exclusive license to D-Music",50,63,4,"48740"
95,"spotify:track:2TZBSnzQizEQmYLpaUy8CT","Eyal Golan","פנתרה","Liam Productions under exclusive license to D-Music",21,84,11,"48733"
96,"spotify:track:2un3eax2X0XgvF1ixBlw8O","ענבל רז","ננה בננה","session42",31,71,10,"48690"
97,"spotify:track:0vjeOZ3Ft5jvAi9SBFJm1j","Metro Boomin, Future, Chris Brown","Superhero (Heroes & Villains) [with Future & Chris Brown]","Republic Records",64,175,7,"47934"
98,"spotify:track:5PjdY0CKGZdEuoNab3yDmX","The Kid LAROI, Justin Bieber","STAY (with Justin Bieber)","Columbia",2,94,80,"47393"
99,"spotify:track:3BnDvpeuGOj21Ir2aVEtQo","Rema","Calm Down","Mavin Records / Jonzing World",80,92,10,"46987"
100,"spotify:track:5FVd6KXrgO9B3JPmC8OPst","Arctic Monkeys","Do I Wanna Know?","Domino Recording Co",100,109,118,"46958"
101,"spotify:track:58ge6dfP91o9oXMzq3XkIS","Arctic Monkeys","505","Domino Recording Co",70,95,52,"46771"
102,"spotify:track:1xK59OXxi2TAAAbmZK0kBL","d4vd","Romantic Homicide","Darkroom/Interscope Records",79,97,19,"46407"
103,"spotify:track:6sADtPKtORAMZP3GQhOsHv","Ishay Ribo","סיבת הסיבות","2021 Ishay Ribo BY PIL LTD",8,88,99,"46352"
104,"spotify:track:5RnhWaP5VD3eJN3J0chPmh","Tuna, Tzlil Danin","בסיבוב","Anana Ltd.",51,115,246,"46256"
105,"spotify:track:6HHbfGzobp338AhqtVMIWd","מיה סולימן","מאושר בלעדיי","Mobile1 Music",105,-1,1,"46234"
106,"spotify:track:78Sw5GDo6AlGwTwanjXbGh","d4vd","Here With Me","Darkroom/Interscope Records",106,124,4,"46003"
107,"spotify:track:3iJQ54fGO6CyP374UzvDJu","Anna Zak","מי זאת","ITModels under exclusive license to D-Music",1,80,35,"45962"
108,"spotify:track:2O1af1DbXF7paOr7O5CRst","Avi Aburomi","ספרי להם הכל","2022 Avi Aburomi BY PIL LTD",12,86,34,"44951"
109,"spotify:track:3ez2Vwn4Dd8UmPxviNalrn","Tuna, Noga Erez, ROUSSO","עומס לב & Views","NaNa Disc",28,110,15,"44899"
110,"spotify:track:0Jg3myaigLt8W0cEvE3mXU","Yoshi","זרים מכירים","Universal Music Israel Distributed Labels",110,-1,1,"44872"
111,"spotify:track:1mea3bSkSGXuIRvnydlB5b","Coldplay","Viva La Vida","Parlophone UK",97,99,20,"44607"
112,"spotify:track:0VjIjW4GlUZAMYd2vXMi3b","The Weeknd","Blinding Lights","Republic Records",1,98,164,"44387"
113,"spotify:track:05ryQJip5j6ExMhvB6o6f4","Jasmin Moallem","כמה מתוק","Helicon Music",113,-1,11,"44290"
114,"spotify:track:7G5bTmi3ep4zyMcYEzXRH8","Benaia Barabi","גומות","B.B Productions Ltd. under exclusive license to D-Music",91,169,21,"44036"
115,"spotify:track:7a9nLlBXfBnCuIYEa8GP4f","Peer Tasi","העולם המתוקן","Peer Tasi LTD under exclusive license to D-Music",115,135,4,"43544"
116,"spotify:track:4woTEX1wYOTGDqNXuavlRC","Eminem, Dina Rae","Superman","Aftermath",101,119,14,"43405"
117,"spotify:track:3xoOOmHo07QA9Q7ng1aplW","Nunu, TOX1C","סיוופלה","Neomi Aharoni Gal / Reborn under exclusive license to D-Music",17,91,12,"43296"
118,"spotify:track:1ttOlVyZvmnozD2muIxulw","Eviatar Banai","עד מחר","Hed Arzi Ltd.",42,118,252,"43169"
119,"spotify:track:7qEHsqek33rTcFNT9PFqLf","Lewis Capaldi","Someone You Loved","Vertigo Berlin",9,143,166,"43148"
120,"spotify:track:4Ow0gCGxYfOcyiCuZOt9mp","Avraham Tal","שבוע טוב","Digistage",17,83,135,"43041"
121,"spotify:track:2tpWsVSb9UEmDRxAl1zhX1","OneRepublic","Counting Stars","Mosley / Interscope",91,104,132,"42963"
122,"spotify:track:3hay408PSjTAxPn5TPxzyh","Idan Amedi","חלק מהזמן","A.M Music Productions LTD",27,103,251,"42904"
123,"spotify:track:7vn9SIc4NraLuIMzUeCK2o","Yuval Dayan","שרק תחייך","A.M Productions LTD",4,108,125,"42757"
124,"spotify:track:3CIyK1V4JEJkg02E4EJnDl","Imagine Dragons, JID, Arcane, League of Legends","Enemy (with JID) - from the series Arcane League of Legends","Kid Ina Korner / Interscope",1,113,64,"42644"
125,"spotify:track:0Ap742kKOE7chXEdDZWvOq","Avraham Tal, Benaia Barabi","מי לא יבוא","Avraham Tal / Or Mermelstein under exclusive license to D-Music",39,79,90,"42244"
126,"spotify:track:2gK92y6pVz6ygq8Fc7N2xL","Shlomo Artzi","תתארו לכם","Hed Arzi Ltd.",50,120,249,"42204"
127,"spotify:track:26ffnwQVV4votOweWSwpeN","Narkis","הולכת איתך","session42",2,55,82,"42181"
128,"spotify:track:2LBqCSwhJGcFQeTHMVGwy3","The Weeknd","Die For You","Universal Republic Records",128,132,17,"41725"
129,"spotify:track:6jFzK1JUzC4Mr7kU12rTbQ","Jimbo J, Ravid Plotnik","חתולים","Universal Music Israel Distributed Labels",24,200,55,"41684"
130,"spotify:track:7DS5SpsWS7rtKeAfe9rbfn","Nunu, Sagi Kariv, Forever Tel Aviv","Cute Boy","Neomi Aharoni Gal / Forever Tel Aviv under exclusive license to D-Music",1,96,32,"41424"
131,"spotify:track:6xtqda5h0wlcFn3WdI4pb6","Tuna","כל הכוכבים","NaNa Disc",19,134,48,"41168"
132,"spotify:track:2VxeLyX666F8uXCJ0dZF8B","Lady Gaga, Bradley Cooper","Shallow","A Star is Born OST",3,190,166,"41123"
133,"spotify:track:3yfqSUWxFvZELEM4PmlwIR","Eminem","The Real Slim Shady","Interscope",87,136,82,"41025"
134,"spotify:track:3dO18fcChMZeJf6WCyodpM","Odeya, Osher Cohen, החללית","אוהבת אותך בטעות - LIVE מקיסריה","Helicon Aroma Music Ltd.",91,121,16,"40977"
135,"spotify:track:2DhFhjUBv5xBeEDfpoArtB","Ben Zur","מה עובר לך בראש","Matan Productions / Offir Productions under exclusive license to D-Music",93,149,16,"40968"
136,"spotify:track:2J2Z1SkXYghSajLibnQHOa","Sia","Unstoppable","Monkey Puzzle Records/RCA Records",136,140,41,"40936"
137,"spotify:track:4858nvAGVQXWaNG2VXRCFP","Doli & Penn, Idan Raichel","להאמין","Dolev Ram & Penn Hazut / Helicon Ltd. under exclusive license to D-Music",58,182,40,"40799"
138,"spotify:track:7MXVkk9YMctZqd1Srtv4MB","The Weeknd, Daft Punk","Starboy","Universal Republic Records",138,138,19,"40707"
139,"spotify:track:1kOrrpPVVjC39JpQREIqJk","Peer Tasi","התיקון הכללי","Peer Tasi LTD under exclusive license to D-Music",129,171,4,"40198"
140,"spotify:track:1xzi1Jcr7mEi9K2RfzLOqS","Beyoncé","CUFF IT","Parkwood Entertainment/Columbia",68,122,17,"40087"
141,"spotify:track:6UelLqGlWMcVH1E5c4H7lY","Harry Styles","Watermelon Sugar","Columbia",9,126,156,"40007"
142,"spotify:track:3qvzygQ5NA1bZ3OUxlOiV4","ShrekDiMC, גפן גרינברג","סטלות - לייב סשן","Tact Records",80,144,8,"39811"
143,"spotify:track:0pqnGHJpmpxLKifKRmU6WP","Imagine Dragons","Believer","Kid Ina Korner / Interscope",23,148,248,"39702"
144,"spotify:track:7vlw3ezpsoXCBONhNXLOcV","Tuna","גם זה יעבור","Anana",81,186,215,"39664"
145,"spotify:track:1DAJswyIul47SQNBkYPiCx","Mergui","Sucks to Know You (FU)","Mobile1 Music",1,114,27,"39630"
146,"spotify:track:5IgjP7X4th6nMNDh4akUHb","Chris Brown","Under The Influence","Chris Brown Entertainment/RCA Records",20,123,26,"39615"
147,"spotify:track:1iqFD52dqVgLGJq74we3RW","Hanan Ben Ari","אמן על הילדים","Hanan Ben Ari / Mor Dahan under exclusive license to D-Music",16,128,113,"39600"
148,"spotify:track:3qWDOGP2SBMLQ3nzMIkNbz","Nathan Goshen","שני ילדים בעולם","Nathan Goshen under exclusive license to D-Music",14,165,94,"39471"
149,"spotify:track:5n2VsddjXaWUDGU2xNPBTc","Shlomi Shaban, Ravid Plotnik, Shuli Rand","כנען (12 מרגלים)","Helicon Music",28,142,13,"39114"
150,"spotify:track:04qYVjQ9bRRpJzz5sm7cEk","Hanan Ben Ari","אם תרצי","Hanan Ben Ari / Mor Dahan under exclusive license to D-Music",5,146,151,"38972"
151,"spotify:track:6m6oaAugKIwqZpLhqtOXMX","Noam Bettan","בובה","Zaav Music / Noam Bettan under exclusive license to D-Music",151,183,2,"38874"
152,"spotify:track:7j4OmvkjRz0PrjFADlHfQx","Adele","Set Fire to the Rain","XL Recordings",152,163,5,"38836"
153,"spotify:track:4N8FwcfRTju02qsgn9Mcl8","Eden Hason","בואי נישן על זה","Mobile1 Music",7,111,40,"38765"
154,"spotify:track:086myS9r57YsLbJpU0TgK9","Arctic Monkeys","Why'd You Only Call Me When You're High?","Domino Recording Co",113,133,65,"38640"
155,"spotify:track:72W6xVQGdKHQl348KYgwg2","Idan Rafael Haviv","שלמים","Idan Rafael Haviv under exclusive license to NMC United Entertainment",1,150,130,"38466"
156,"spotify:track:7lQ8MOhq6IN2w8EYcFNSUk","Eminem","Without Me","Aftermath",94,152,52,"38327"
157,"spotify:track:2ICsg0MAobTLg4VVjW2iE5","Osher Cohen","אהובי לב אדום","Helicon Aroma Music Ltd./ P.A.I Production Adam Investment Ltd.",35,130,37,"38319"
158,"spotify:track:6VhuP99TE6gYNQRJIlAWFD","Stephen Sanchez","Until I Found You","Republic Records",91,185,28,"38086"
159,"spotify:track:6zeE5tKyr8Nu882DQhhSQI","Kansas","Dust in the Wind","Epic/Legacy",159,-1,1,"37980"
160,"spotify:track:7JoXEwDsbey37yMghVbIub","Ravid Plotnik, Eviatar Banai","הריני","NaNa Disc",90,-1,4,"37962"
161,"spotify:track:3zkyus0njMCL6phZmNNEeN","Central Cee","LET GO","Central Cee",119,176,5,"37960"
162,"spotify:track:6sCvvleqKbeyOkQDieBYgp","Rihanna","Lift Me Up - From Black Panther: Wakanda Forever - Music From and Inspired By","Roc Nation/Def Jam/Hollywood",33,125,12,"37877"
163,"spotify:track:691Tx41oL0SPUv0kUAVmmn","Benaia Barabi","מישהו איתי כאן","NMC United Entertainment Ltd.",24,155,242,"37563"
164,"spotify:track:46IZ0fSY2mpAiktS3KOqds","Adele","Easy On Me","Columbia",2,174,57,"37512"
165,"spotify:track:2liUMhNvpAxRNVAGnz8jNJ","Static & Ben El, Netta","אפס מאמץ","Mobile1 Music",1,101,76,"37469"
166,"spotify:track:4bzBPrGYD3fQfAadLgIiwT","Passenger","Let Her Go","Embassy of Music",66,-1,114,"37406"
167,"spotify:track:4rPJSqrov3zqGwXlemLBMw","RAYE, 070 Shake","Escapism. - Sped Up","Human Re Sources",167,-1,1,"37284"
168,"spotify:track:1Y3LN4zO1Edc2EluIoSPJN","Stephen Sanchez, Em Beihold","Until I Found You (with Em Beihold) - Em Beihold Version","Republic Records",51,51,6,"37113"
169,"spotify:track:0anWq8zX8Hz4jTKmdunfjq","Peer Tasi","לאט לאט לאט","Peer Tasi LTD under exclusive license to D-Music",169,-1,1,"36926"
170,"spotify:track:7n6emXIcaECmkljP1rPlvQ","Amir Dadon","לבחור נכון","Helicon Music",39,-1,170,"36840"
171,"spotify:track:6JIC3hbC28JZKZ8AlAqX8h","Elton John, Dua Lipa, PNAU","Cold Heart - PNAU Remix","EMI",13,164,72,"36587"
172,"spotify:track:3hxIUxnT27p5WcmjGUXNwx","Hotel Ugly","Shut up My Moms Calling","Hotel Ugly, under exclusive license to Amuseio AB",172,-1,1,"36473"
173,"spotify:track:4hjFLUmSzIJOcoCIBoFXYc","Stephane Legar, Netta","מתמטיקה","Stephane Gagba / Tedy Productions / Session 42 / Nine Seven Eight Nine Seven Eight Nine LTD under exclusive license to D-Music",173,-1,2,"36363"
174,"spotify:track:3fCS3m3uWUgAFm3purs15C","Anna Zak","לך לישון","ITModels under exclusive license to D-Music",1,82,54,"36260"
175,"spotify:track:68Dni7IE4VyPkTOH9mRWHr","J. Cole","No Role Modelz","Roc Nation Records LLC",133,179,38,"36156"
176,"spotify:track:7JJmb5XwzOO8jgpou264Ml","Shawn Mendes","There's Nothing Holdin' Me Back","Island Records",100,168,87,"36155"
177,"spotify:track:3AJwUDP919kvQ9QcozQPxg","Coldplay","Yellow","Parlophone UK",99,159,37,"36029"
178,"spotify:track:3468a6o1yV2eyfHfrGyvfu","May Sfadia","הלוואי ולא תהיה לך אף אחת","2022 Giraffe Music, Gil Vain & Tal Castiel Music & Ent. By PIL LTD",157,-1,4,"35977"
179,"spotify:track:2oqBdUxaTXaJQVJZ5QVteY","Hanan Ben Ari","בסוף זה הלחן","Hanan Ben Ari / Mor Dahan under exclusive license to D-Music",137,-1,2,"35953"
180,"spotify:track:7DbdUf8aHSYoliSjO6LZv6","Beach Weather","Sex, Drugs, Etc.","8123 / Arista Records",83,161,21,"35872"
181,"spotify:track:4cktbXiXOapiLBMprHFErI","Maroon 5","Memories","Interscope Records*",8,-1,111,"35872"
182,"spotify:track:5ezFz6Jwn7l40kIGAP4zmL","Eyal Golan","בזמן האחרון","Liam Productions under exclusive license to D-Music",25,156,42,"35867"
183,"spotify:track:6ex1Pz3pntgy4NPtxHXN2V","Ed Sheeran","Bad Habits","Atlantic Records UK",6,151,82,"35851"
184,"spotify:track:6HMtHNpW6YPi1hrw9tgF8P","Lizzo","About Damn Time","Nice Life/Atlantic",6,166,38,"35838"
185,"spotify:track:26b3oVLrRUaaybJulow9kz","Libianca","People","5K Records Limited",185,-1,1,"35773"
186,"spotify:track:0cnXDZGevuZ5kj2nbVzPyu","Maor Cohen","לילה עיר","NaNa Disc",115,177,24,"35736"
187,"spotify:track:3Hb9kUdm4yf839Fle4RIdT","MC L da Vinte, MC Gury","Parado no Bailão","Funk Explode",69,141,6,"35628"
188,"spotify:track:1QP8gp1xtid9iE9L7SzB8e","Ishay Ribo","תוכו רצוף אהבה","2014 Yshy Rivo By PIL LTD",42,-1,135,"35594"
189,"spotify:track:2o1Xbw3SFKgtc69C3u7ErL","נוי גבאי","תראו תראו - קאבר","Mobile1 Music",189,-1,1,"35534"
190,"spotify:track:4abB8WdkswrxWxcV2e56x9","Eden Hason","גדל לי קצת זקן","Mobile1 Music",2,127,98,"35497"
191,"spotify:track:1qDebTFuaEAaftKG7C4xw7","Ilay Elmakys","מכל הלילות","Universal Music Israel Distributed Labels",118,172,5,"35383"
192,"spotify:track:1quBoxh2fvPsy4f0ZBLf46","Osher Cohen, Shahar Saul","בסוף נרקוד","Helicon Aroma Music Ltd./ P.A.I Production Adam Investment Ltd.",26,117,23,"35312"
193,"spotify:track:2trg8gUn9D8OJfbtnpXMdH","Carakukly, הפשוטע","הגיל דופק בדלת","Liron Carakukly / Tali Carakukly / Moran Levinzon / Bar Elmaliach Donzov under exclusive license to D-Music",104,-1,4,"35246"
194,"spotify:track:4CLQRHj24bq6QVR0Fkmg1u","נופיה ידידיה, הכוכב הבא","זאת שמעל לכל המצופה","Keshet Broadcasting Ltd. under exclusive license to D-Music",28,-1,16,"34982"
195,"spotify:track:5TXDeTFVRVY7Cvt0Dw4vWW","XXXTENTACION","Revenge","Bad Vibes Forever / EMPIRE",158,158,17,"34914"
196,"spotify:track:0n2BeC9E0M7fC2jbKBYetu","Tomer Yosef","כאלו מילים","Unicell",56,89,62,"34777"
197,"spotify:track:2mGGqzRrPOYhgv4MSG6Fhq","Ravid Plotnik, Sima Noon","‏קורבן","NaNa Disc",5,-1,41,"34645"
198,"spotify:track:0tIQwXFOyQjd6K7w7PIBrn","Akiva","יש בך הכל","2022 Akiva+Or D. BY PIL LTD",72,131,32,"34519"
199,"spotify:track:0WS3pHso7moPHG8W2pbqPB","Ravid Plotnik, ניר דנן","קפה וסיגריה","NaNa Disc",120,170,15,"34489"
200,"spotify:track:7o6UDPFWtYrjUZnRvi1dvO","Jane Bordeaux","איך אפשר","Helicon Music",83,-1,189,"34452"
